INSERT INTO myflix.movie(id_movie,name,year) VALUES (be31ffef-fd7c-4ae3-9ec5-b9456209bd1f,'Inception',2010);
INSERT INTO myflix.movie(id_movie,name,year) VALUES (f9b0e37f-feab-4747-85fd-6b376685a63f,'Shutter island',2010);
INSERT INTO myflix.movie(id_movie,name,year) VALUES (d37f69de-f839-46d3-857e-cd531af0065c,'Catch me if you can',2002);
INSERT INTO myflix.movie(id_movie,name,year) VALUES (69aa8cde-14f7-48c8-98a9-509cfa8215b7,'Harry Potter and Sourcere''s stone',2001);
INSERT INTO myflix.movie(id_movie,name,year) VALUES (e86805b0-9cf8-4877-8d8f-a886f50dc751,'Alice in the Wonderland',2016);


INSERT INTO myflix.actor(id_actor,name,birth_date) VALUES (bc85aa97-dbbc-4cd2-ac4d-35db2099866c,'Leonardo diCaprio',153370800);
INSERT INTO myflix.actor(id_actor,name,birth_date) VALUES (1fd5690d-4e10-4a6f-9e37-2fc212ca66ba,'Tom Hardy',243140400);
INSERT INTO myflix.actor(id_actor,name,birth_date) VALUES (dd5cf38b-b8e8-434d-afa6-04e9cd707303,'Cillian Murphy',201841200);
INSERT INTO myflix.actor(id_actor,name,birth_date) VALUES (f3139f81-a9d8-4dcd-8176-1135e2027860,'Marion Cotillard',181278000);
INSERT INTO myflix.actor(id_actor,name,birth_date) VALUES (bed16d63-dcb2-45f4-b3ad-7f9fd72d4bbc,'Elliot Page',540874800);
INSERT INTO myflix.actor(id_actor,name,birth_date) VALUES (79f7b7f6-6db5-4028-92cf-f764e483b4cf,'Mark Ruffalo',-66607200);
INSERT INTO myflix.actor(id_actor,name,birth_date) VALUES (a9f38df3-e2b9-47a1-bea0-92ea4eddbae1,'Ben Kingsley',-820616400);
INSERT INTO myflix.actor(id_actor,name,birth_date) VALUES (d5904fd4-58b9-4e1f-9002-639ea6b05363,'Michelle Williams',337383189);
INSERT INTO myflix.actor(id_actor,name,birth_date) VALUES (662042ae-b6a1-49d7-b889-c349c3f0f1bb,'Emily Mortimer',55566000);
INSERT INTO myflix.actor(id_actor,name,birth_date) VALUES (0e7e1feb-cbd8-4e4b-aff8-5abff7001349,'Tom Hanks',-425422800);
INSERT INTO myflix.actor(id_actor,name,birth_date) VALUES (89010ceb-c38c-4b82-bf09-90dca07fc8e6,'Amy Adams',148878000);
INSERT INTO myflix.actor(id_actor,name,birth_date) VALUES (63f89ef2-4635-4826-8b6c-ace172186f49,'Christopher Walken',-844376400);
INSERT INTO myflix.actor(id_actor,name,birth_date) VALUES (4c7e9512-b22b-4fbd-8bab-bf816430cdcb,'Jennifer Garner',72327600);
INSERT INTO myflix.actor(id_actor,name,birth_date) VALUES (f64123f8-df55-4ad2-b146-115c94e3696c,'Daniel Radcliffe',617166000);
INSERT INTO myflix.actor(id_actor,name,birth_date) VALUES (2f9a75ee-3444-4017-ad90-6200d7b53fc4,'Emma Watson',640148400);
INSERT INTO myflix.actor(id_actor,name,birth_date) VALUES (2f9a75ee-3444-4017-ad90-6200d7b53fc4,'Rupert Grint',588394800);
INSERT INTO myflix.actor(id_actor,name,birth_date) VALUES (87e7f7c6-f004-44e9-a5ee-7b115181fdbc,'Tom Felton',559278000);
INSERT INTO myflix.actor(id_actor,name,birth_date) VALUES (3c2a0c9f-ba5b-41fc-803c-6c4ad07fac01,'Alan Rickman',-752965200);
INSERT INTO myflix.actor(id_actor,name,birth_date) VALUES (acc963f4-5cba-4356-8227-70307be62a06,'Johnny Depp',-207109611);
INSERT INTO myflix.actor(id_actor,name,birth_date) VALUES (e7547b7d-e900-4a33-ba85-9ec39383a26e,'Mia Wasikowska',625284000);
INSERT INTO myflix.actor(id_actor,name,birth_date) VALUES (ee372aa5-550b-446c-a5c1-ba7da14cb7ec,'Anne Hathaway',405918000);
INSERT INTO myflix.actor(id_actor,name,birth_date) VALUES (01adff6e-abc0-4d34-a446-aded5a93ea27,'Helena Bonham',-113711211);


INSERT INTO myflix.character(id_movie,id_actor,name) VALUES (be31ffef-fd7c-4ae3-9ec5-b9456209bd1f,bc85aa97-dbbc-4cd2-ac4d-35db2099866c,'Coob');
INSERT INTO myflix.character(id_movie,id_actor,name) VALUES (be31ffef-fd7c-4ae3-9ec5-b9456209bd1f,1fd5690d-4e10-4a6f-9e37-2fc212ca66ba,'Eames');
INSERT INTO myflix.character(id_movie,id_actor,name) VALUES (be31ffef-fd7c-4ae3-9ec5-b9456209bd1f,dd5cf38b-b8e8-434d-afa6-04e9cd707303,'Fisher');
INSERT INTO myflix.character(id_movie,id_actor,name) VALUES (be31ffef-fd7c-4ae3-9ec5-b9456209bd1f,f3139f81-a9d8-4dcd-8176-1135e2027860,'Mal');
INSERT INTO myflix.character(id_movie,id_actor,name) VALUES (be31ffef-fd7c-4ae3-9ec5-b9456209bd1f,bed16d63-dcb2-45f4-b3ad-7f9fd72d4bbc,'Ariadne');
INSERT INTO myflix.character(id_movie,id_actor,name) VALUES (f9b0e37f-feab-4747-85fd-6b376685a63f,bc85aa97-dbbc-4cd2-ac4d-35db2099866c,'Teddy Daniels');
INSERT INTO myflix.character(id_movie,id_actor,name) VALUES (f9b0e37f-feab-4747-85fd-6b376685a63f,79f7b7f6-6db5-4028-92cf-f764e483b4cf,'Chuck Aule');
INSERT INTO myflix.character(id_movie,id_actor,name) VALUES (f9b0e37f-feab-4747-85fd-6b376685a63f,a9f38df3-e2b9-47a1-bea0-92ea4eddbae1,'Dr. John');
INSERT INTO myflix.character(id_movie,id_actor,name) VALUES (f9b0e37f-feab-4747-85fd-6b376685a63f,d5904fd4-58b9-4e1f-9002-639ea6b05363,'Dolores');
INSERT INTO myflix.character(id_movie,id_actor,name) VALUES (f9b0e37f-feab-4747-85fd-6b376685a63f,662042ae-b6a1-49d7-b889-c349c3f0f1bb,'Rachel');
INSERT INTO myflix.character(id_movie,id_actor,name) VALUES (d37f69de-f839-46d3-857e-cd531af0065c,bc85aa97-dbbc-4cd2-ac4d-35db2099866c,'Frank Abgnale Jr');
INSERT INTO myflix.character(id_movie,id_actor,name) VALUES (d37f69de-f839-46d3-857e-cd531af0065c,0e7e1feb-cbd8-4e4b-aff8-5abff7001349,'Carl Hanratty');
INSERT INTO myflix.character(id_movie,id_actor,name) VALUES (d37f69de-f839-46d3-857e-cd531af0065c,89010ceb-c38c-4b82-bf09-90dca07fc8e6,'Brenda');
INSERT INTO myflix.character(id_movie,id_actor,name) VALUES (d37f69de-f839-46d3-857e-cd531af0065c,63f89ef2-4635-4826-8b6c-ace172186f49,'Franck Abgnale Sr');
INSERT INTO myflix.character(id_movie,id_actor,name) VALUES (d37f69de-f839-46d3-857e-cd531af0065c,4c7e9512-b22b-4fbd-8bab-bf816430cdcb,'Cheryl');
INSERT INTO myflix.character(id_movie,id_actor,name) VALUES (69aa8cde-14f7-48c8-98a9-509cfa8215b7,f64123f8-df55-4ad2-b146-115c94e3696c,'Harry Potter');
INSERT INTO myflix.character(id_movie,id_actor,name) VALUES (69aa8cde-14f7-48c8-98a9-509cfa8215b7,2f9a75ee-3444-4017-ad90-6200d7b53fc4,'Hermione');
INSERT INTO myflix.character(id_movie,id_actor,name) VALUES (69aa8cde-14f7-48c8-98a9-509cfa8215b7,2f9a75ee-3444-4017-ad90-6200d7b53fc4,'Ronald Wisley');
INSERT INTO myflix.character(id_movie,id_actor,name) VALUES (69aa8cde-14f7-48c8-98a9-509cfa8215b7,87e7f7c6-f004-44e9-a5ee-7b115181fdbc,'Draco Malfoy');
INSERT INTO myflix.character(id_movie,id_actor,name) VALUES (69aa8cde-14f7-48c8-98a9-509cfa8215b7,3c2a0c9f-ba5b-41fc-803c-6c4ad07fac01,'Severus Snape');
INSERT INTO myflix.character(id_movie,id_actor,name) VALUES (e86805b0-9cf8-4877-8d8f-a886f50dc751,acc963f4-5cba-4356-8227-70307be62a06,'Crazzy Hatter');
INSERT INTO myflix.character(id_movie,id_actor,name) VALUES (e86805b0-9cf8-4877-8d8f-a886f50dc751,e7547b7d-e900-4a33-ba85-9ec39383a26e,'Alice');
INSERT INTO myflix.character(id_movie,id_actor,name) VALUES (e86805b0-9cf8-4877-8d8f-a886f50dc751,ee372aa5-550b-446c-a5c1-ba7da14cb7ec,'White Queen');
INSERT INTO myflix.character(id_movie,id_actor,name) VALUES (e86805b0-9cf8-4877-8d8f-a886f50dc751,01adff6e-abc0-4d34-a446-aded5a93ea27,'Red Queen');
INSERT INTO myflix.character(id_movie,id_actor,name) VALUES (e86805b0-9cf8-4877-8d8f-a886f50dc751,3c2a0c9f-ba5b-41fc-803c-6c4ad07fac01,'Lizard');


INSERT INTO myflix.watch(id_customer,id_movie,date) VALUES (392ac11c-ebdf-4e44-9033-205b33782ee5,be31ffef-fd7c-4ae3-9ec5-b9456209bd1f,1633093200);
INSERT INTO myflix.watch(id_customer,id_movie,date) VALUES (392ac11c-ebdf-4e44-9033-205b33782ee5,f9b0e37f-feab-4747-85fd-6b376685a63f,1633136400);
INSERT INTO myflix.watch(id_customer,id_movie,date) VALUES (392ac11c-ebdf-4e44-9033-205b33782ee5,d37f69de-f839-46d3-857e-cd531af0065c,1635778800);
INSERT INTO myflix.watch(id_customer,id_movie,date) VALUES (392ac11c-ebdf-4e44-9033-205b33782ee5,e86805b0-9cf8-4877-8d8f-a886f50dc751,1636470000);
INSERT INTO myflix.watch(id_customer,id_movie,date) VALUES (90c0edd4-1b8c-477a-8357-2d08845a9fa7,be31ffef-fd7c-4ae3-9ec5-b9456209bd1f,1631199600);
INSERT INTO myflix.watch(id_customer,id_movie,date) VALUES (1ae88b21-98f0-4c10-9f2e-2d7bc4f6f3f1,be31ffef-fd7c-4ae3-9ec5-b9456209bd1f,1612882800);
INSERT INTO myflix.watch(id_customer,id_movie,date) VALUES (1ae88b21-98f0-4c10-9f2e-2d7bc4f6f3f1,69aa8cde-14f7-48c8-98a9-509cfa8215b7,1598968800);


INSERT INTO myflix.customer(id_customer,name,birth_date) VALUES (392ac11c-ebdf-4e44-9033-205b33782ee5,'João',632109600);
INSERT INTO myflix.customer(id_customer,name,birth_date) VALUES (90c0edd4-1b8c-477a-8357-2d08845a9fa7,'Maria',967863600);
INSERT INTO myflix.customer(id_customer,name,birth_date) VALUES (1ae88b21-98f0-4c10-9f2e-2d7bc4f6f3f1,'José',-605739600);



